n,Tiempo_1,Tiempo_2
4096,3.2e-05,4.7e-05
6144,4.7e-05,7e-05
8192,6.8e-05,9.4e-05
12288,9.9e-05,0.000141
16384,0.000128,0.000188
32768,0.000274,0.000422
65536,0.000547,0.000862
98304,0.000783,0.00121
131072,0.001015,0.001642
163840,0.001262,0.002008
196608,0.001551,0.002479
262144,0.002034,0.003261
327680,0.002561,0.004
524288,0.004166,0.006524
786432,0.006158,0.009632
917504,0.006999,0.011125
1048576,0.007996,0.012821
1310720,0.010149,0.016104
1742848,0.013374,0.021616
